student_pid,Pass
spid1_BKPXURL35AM7LBGM7S5O5Y7QZZ,1
spid1_HSAFTIIAKA3BQQYCQG7UAIXDM3,1
spid1_H7V2COGELT3KAF3KQWB4XBQSIQ,1
spid1_D4R5Q3EKUSUI5GCF4SPC5CDRJR,1
spid1_AKF7FN5UZD4F55AWMJKVSABK6J,0
spid1_PSU67VTM754XPOTNDRY7UO3JZU,0
spid1_VK6CTRAV3I2IJW5SAJ7DKEPUSJ,1
spid1_EAXDXFEIGIYOFE4OMX4H7EMQJS,0
spid1_5DT6NSZJUSH5TE4MRR6FZPMGK6,0
spid1_QLOW4NJAUWTUTJIWXCV33PBOVC,1
spid1_4VDVYHBQFNGGLLHJV6E2C5LIYZ,1
spid1_PCDVZK5FLBNVAVBKQDFGGAWD7H,0
spid1_FMJ5HNVPTD2DMB5DV23CCZTMJK,1
spid1_FLUTPSL5ZJFDKJ53QI4Y23E46S,1
spid1_XBV5PX6HHW56P34EGEEAQWSE5P,1
spid1_J43U26MUFFGH2DAKNSCGZ3WDKY,0
spid1_QPPRHKKDRG3HC73I7R4EUK32AS,1
spid1_2GUVSMMAZ2Y5VA44U523FFBSU6,1
spid1_JC3XKE36EGPWITHG6USO3WCX6C,0
spid1_VMGJOYCECPBVHAQ7WVDQFDXTZA,1
spid1_AVXGUP22WY6IGGMGOWKNZO2U2L,1
spid1_ABTBVQTFZXY663EK2SEL3OXHCH,1
spid1_SHL7QQBPYSOLEJUTQCJ6N6MFM5,0
spid1_WQ47SKHPLVIG2G74WRKO422IQB,0
spid1_RUHSJWM5TKYJSF46MQUBNQRFCC,1
spid1_JWA45AJX5CYID5D7E7LJ3R6KLK,1
spid1_ME3VTZIKP5JVYJRRVXOJYFOM75,1
spid1_PQTH5SQKZNW3J7R4Z2543WIHVX,1
spid1_O7BXT6H2TFHGICY4YNOY6FJVWQ,1
spid1_F4JCNPF5Y5HDICX6MQ57UB2XCQ,1
spid1_E4PSJGUC6WZWBSDPESKMROSVUZ,0
spid1_TGB2EIDVMQQDYO6HLIYS6FFUEN,1
spid1_YXD56GESRTXPBMSY6RHBKKG7MU,1
spid1_K4GCCIN46HGBJQDT37MIV2UVSL,1
spid1_UW3OHVRYZY7UVXKFDNR7KPMEZB,1
spid1_WWPMTJ7D74HS73KL7HTYDARA63,0
spid1_V4YF3SH6DLTIXZAIIN77QFG53O,1
spid1_YLSYCBN3HZAONFTJ6QPAJQBEJV,0
spid1_W5WSAMKOGC22JG6T752OL7Y3YA,1
spid1_HF4AS7CMGHI7SMV6IZBRLMOI5H,0
spid1_DGFJZTMWVUMFFCVD2ZY6SRFUYO,0
spid1_6QCQJC5ETMABCN7H6LXAIWFZGV,1
spid1_MZ5G3V57QREZMBM5TEIXUXSLPE,1
spid1_WYRZDOHMEFKGCWJN7NZYFB3XAN,0
spid1_G7OQBWGRTY4QK2AD3C7XX7KNH4,0
spid1_PJN6WPT5ESAY2EWCXYTPGFVLTA,1
spid1_WR2AEAVWVDXPWHWUO35MAM4772,1
spid1_A6BGKWRXSJLNTEG5ELFG2A6T5G,1
spid1_JCU7WYDPYOHQKCU255J5OS2SZJ,1
spid1_G5V7LQ5UNXHOT2JTPYDHNVBKKP,1
spid1_DJYTXORQFTVHRDBD7LWKX5NGI7,0
spid1_V2BSSQSN5LKVTDHWC5YBGXFINK,0
spid1_OXPX2ICXRGEH77REVMQNWB7IU6,1
spid1_XJTLQY3CBVOY5OP3IMKT5QQYSD,1
spid1_H7J66LZOIZQNXY5WTSDP5UAMBR,1
spid1_HA234DR6WG3FL4IRFTU2557DMT,1
spid1_4LADHGTJUWVFTUEORBXQWQRQBQ,1
spid1_Q42MTKMKPQW7WXYYGQBMYQVC5V,1
spid1_OXFVD2ONA4KW3Y7WPAGOVJ26OK,1
spid1_F55NAVP44QH5GPZS2LC4TFR2MU,0
spid1_HEUY3MDNIL7WUDEK32OFSI6RYO,0
spid1_7BDPJCGPUTFLUHTF3CEXALJTMI,1
spid1_2FCK5TRKGRXPOA4NXRDUHZGDCA,0
spid1_TUV4YWCTTYVOTE6QE67I5XPJI2,1
spid1_DOEAHMRNPT3DIG6ATO7ISNHEXA,1
spid1_DOQPPNWTZBS2ZDIAXGXCMRMSKW,1
spid1_VRK6YSJ4ZYTPEQNPJRR65SLCL5,1
spid1_FEOB5ICCYLQTOO3XMNKYHFPSBT,0
spid1_QFIZAOSXOZ3OBUHHZDZKX5O4K5,0
spid1_5BV637UKCYDVYMZP5OGAYTDBD5,1
spid1_3GWN3SCWMRUBNPDIHV6VQGMS2U,1
spid1_VHUFLKRVQJH3DG55EGHCFHPCNF,1
spid1_TS7IFY6HSADY25NJAHBR6C3NXZ,1
spid1_BOGNI4YZSCBO5AHWW45XNVQLDT,0
spid1_BQWHRHTNBMD46STNV7NVBC6AYY,1
spid1_JCEMQLJUOKAAGI2KHIN5VB4SSI,1
spid1_UW25JJYZPCTHQB6X74PJMNWIZZ,1
spid1_CNVZ2HIKB2N3BIH4NNMUVRM2JU,0
spid1_C627DGQSL3DRLZBO5OMSLVNL7Y,1
spid1_53AERT2G3NNGWSCMZAYM4SXXPE,0
spid1_RTLT7YLKAAZ2B4RRMJJBJA64CK,1
spid1_YEGUR6TLWIURSWN4L7UUPTN6JS,1
spid1_VDGMCWQELLIUK6JNQ7SLJDHRIG,1
spid1_ANIZHHL3YPZUAKXDV7QEDU7HFM,1
spid1_KQ6OBHDBQZDITVNFXV7S3OAF3D,1
spid1_Q3BAUR36FTAVWTV3DHTACLSGM4,1
spid1_A5FI2WLH53NLOOYUR6TUBVYOXF,0
spid1_DAXENPLI4M2WVFPHBRDPB76OEV,0
spid1_DXSJGE3PPMX7SAZOEVC6A6AS6Q,0
spid1_EMXLXTK6LTTHIKBKD44EMRZC7P,1
spid1_BMYX33WVVUHDI24OV72Q4GBNYW,1
spid1_BLAV7BGOUWX224MKIVOMJTPJ2T,1
spid1_CVJOMCOIPTV2O7NQA3DU3SQ65F,1
spid1_YFKVBCGJE2TL3SPLNLBHVV3VSQ,1
spid1_BM5N6KWOW3LRYF447F3WRSYC6U,0
spid1_42PG4C4E7E5WYZJZSZZXCMUNSL,1
spid1_E5LAXAWFKREMZMJ4CWACDTWBJP,1
spid1_FVRTR2DJBZ6YWBNOKFY63QO5KW,1
spid1_QS56ECVBYOV5QKFZCHCX3R2LXD,0
spid1_K5XBMRYKRKNZZS3CVJBZY5UQZM,1
spid1_H47I346CVN3MN7AIO3DFD7N2KH,1
spid1_FAHVJLNLVRHLRQO3T2YWXHCMDQ,0
spid1_6PE3TBCQ722QYNZUAX7I5C5C5Y,1
spid1_RSYW4VFBSJXPL4USZCNSHMD6JH,1
spid1_AX537TF4N5DFQYOKHXMWCF4RHA,0
spid1_5V6BSDY6O7KLKB3KLKWGLQ3UXH,0
spid1_YX4I246VPQ5OQZH34MU7U7SZES,1
spid1_XJ4C2ZGXPASOHLPOHVVGKP62D3,1
spid1_VAG36VKQOEHVFHRPIXH4RU4H3L,1
spid1_5WIEKYMBY7RZGD5MT6ATNPI4QY,0
spid1_7UPIU6SG3IDM54DWKK37IFNLPQ,1
spid1_T4W3TLBDTNDDQY3YV6EE3O6KK4,1
spid1_LNF2IJBPDAIMN73UA4ANH77VGT,1
spid1_DJTZJCAEVNPIRGHQL6LAERHWOI,1
spid1_WSDBOFUCPSB5VTY2CHY3KBJX4P,0
spid1_CPWJUMTNMWAI3VVQTKVIHNFS3C,1
spid1_OXJOUQKHYFG6I6LHHBX7OFWHOS,1
spid1_GROXBKSC7S437TED276WEX3I7B,1
spid1_43LT6BEA3RO2KIXGM7LJ5VGYEZ,1
spid1_IBLPZEN6UIEFTMXSNQHIKGQUZK,1
spid1_EP4ZQ4ITUQIEXQYIGXMI5KPAET,1
spid1_YQ7LOJHIT6ONF673JB7JV47HEI,1
spid1_BSEATEQG4OXCR7LO5TVFAR56ZA,1
spid1_ULV2RQCV5X2UG5QGBZ7RMLO5S6,1
spid1_YKKHPVVAS75IZ7FXE5WKMVDLTN,1
spid1_RJX2ZJ3RC6YSZLHWEGEUHE5DAC,1
spid1_ITRBPEL72ZQI2KTA7ZVJVZILNT,1
spid1_56OKT6WBTNW3PBIZAUTX4DXRL4,0
spid1_YZDEE2LHIE52TRIRN3XYTUPVVK,1
spid1_ZOLVN4ELSBDEHIWQQVPWQW6N4E,1
spid1_KVVHPNA4ZOBTVMGH7AZPREV6IK,1
spid1_X5RE3MCSAFHM2GIX2R75ONUHYU,0
spid1_TTEQHTU74PRETPH5UGMEX5JOFV,1
spid1_QUWL6KUFJSFGAPKV6XNCEK3MSE,1
spid1_HHGTQONVMKCBTRKAPJWCVHHITX,0
spid1_FJQI63GZWLNQHSAVWDP47HRL6H,0
spid1_PBKIKBE6YX7Z2JIVDQKP4T2FT3,1
spid1_FQWA6QSM5Z2D4BVJ3OERVZFI7C,1
spid1_523L33KUKTWMCNCK2WVW6BYGGK,1
spid1_JU5DJDR523WKIIIA7DAWKMD7FZ,0
spid1_O2GKKB2ABM4KTD32JQN527JHMM,1
spid1_4GHDQLHASXL6JK2TN7PYQBVT7H,0
spid1_O3Z5L4AFQO77AAZROFYXPMHX5Z,1
spid1_UHR6Q6WUL45JBGRCUH6D6SL3DY,1
spid1_DTPLYL5YMPFTUPPR2MRMVSYYPG,0
spid1_6FCC5YLUQTRGKALYP6OC6OSCGI,1
spid1_YNIPLMX6US5RLEC6KN3X6PHSIX,1
spid1_EBEMZ4YJIKTQ23CGOND3C64VXN,1
spid1_II4WQ24BYXMBLWTIEUHHITU6AR,1
spid1_2UMRD2VQ3PD2WIYHGYAZO53E6X,1
spid1_JWT5EVUX6VKYPTB7URZ5AALTPC,0
spid1_DIZWBJAH2MFPABRRAGFHCG4V2T,1
spid1_6W34PK236QCT7QFQ5Y3NUY6K2R,0
spid1_OPPOBKTQ3Q6SZBKLKQHUIY7EE7,1
spid1_2PP6XCTZCSL6SLCU35QZONNPWU,1
spid1_6DKJJK3MLNFCCYKWIDVOOMPF56,1
spid1_HJEK6FNV3UQUQVQJF2MLHUGMLS,1
spid1_CQEPU6WASNV66RQC24ZCS32Y7O,0
spid1_ZDIUWAI7OHMUSQK6327Q6M35HR,1
spid1_LEPXBCQME2JFH7NAOZEC2636M3,0
spid1_2FKJ4KCYKAAEADGY5AYAOFEM4B,0
spid1_MYWKH4VZKGQDI2QZJT5T4UUW5Q,0
spid1_XVJAL4OONAC3ZBXWFH2PRCLG2Z,1
spid1_H5TTQY75TA33B7AVENMUSJTGD2,0
spid1_WTNCYHY4QTGNZBH3WKQD6PUILW,1
spid1_PTUICY27JVGBLSSYL4Y5LM5HP5,1
spid1_33CIFBWYCAVNURVHCUTCGHIYLE,1
spid1_MABY26XPTXAVTIVW5SLBU4VI64,1
spid1_WAMFPYYOXWHUSVHNUCCCIOEIG2,0
spid1_RJIUKDQRXZTCQVCHRSGG66OJQA,0
spid1_IPYUNPBDIYG6KBTQSVIAGFJSSO,1
spid1_XJLMDJFUNW3W3A4F3OMGCGIEPE,0
spid1_BZ4VUZXKENHUFLPRFSUNQRXVW3,1
spid1_K5L6NXZND2NO3D3EWVWUXV2AC3,1
spid1_2F5XD35PBX3ER6YV2Q6COCPJ2N,0
spid1_URNUI4Y3I4KIUXE2LHTQSZWY6T,0
spid1_VBFKOZXYY234KKIGIK3WO7CLBW,1
spid1_7WNHE5TEEM2A6Z6A56HCOFPZS5,1
spid1_4NHS7R537CBWNT6PL3MKZUFM3O,1
spid1_PEWC7LNUE2KVSWMVPX5AVIYBWC,0
spid1_RIOVBKZUN447CWRHSAXSHYB7J5,1
spid1_NPE5KO67C3HJ5H5TFZ47U3CQ3X,1
spid1_JTER4D3FU3CEBXU5MNGFVYCHYM,1
spid1_ZWLGRMOOVKYT36IP4QZRFUFLAL,1
spid1_EQTU7M5B4QGS2K62SNQNJEAAHE,1
spid1_W2QGICQRATTZHGADVAN4EXDNGP,1
spid1_ZUGERPGQSMW66SCRZUKCXWABAK,1
spid1_JKRHNN7E7VVMRSK544J54U4T6Y,0
spid1_VEFD6SBGLWNLZZJNOL2PQMNCYO,0
spid1_VH7LYBYZK4GUFVMGWZBHXS2RDT,1
spid1_45XMN65DSKVRHIIP6FRGGMAFWS,1
spid1_4EIO47CK35PZ5P36CY7FWYBEE6,1
spid1_MJ5TAQG3EMXPTRT2AL5S4YLKST,1
spid1_J37WNUDS3P5DHBBT22XPITDCG6,1
spid1_UZXGRC3HPKF42ZVKFLVUZ3OUGR,1
spid1_JBXDBJYYURMTTZSIBEVEF4UD5Q,1
spid1_QUTK6QVOWUO4DSVF5VQKMX65BY,1
spid1_JQVDBZPFSUITN4EHCMSAJTT6FB,1
spid1_Y5UCJQJ2URPMMZPIALR6JLYB7X,1
spid1_UI3WOHUE7EJEKEOQJMQN26ICKU,1
spid1_U7J5IL6HLYRYNA5BFS5Y23FACI,1
spid1_M645IGUDCIDDHUMRQFKGPDE7P6,0
spid1_H4IXKIBNSJVK7SYLBW6JCXIXTK,1
spid1_LCV5MJSOGRBWFSLY6ZKXDFWTC7,1
spid1_LIBCHHNFYFGZ4AXQTM7JAGAMAU,1
spid1_VUMCI6OWPLOMX255T7LBJ6TKRO,1
spid1_AXFU67ADERCAWE3JLPSYU4RZMC,0
spid1_CK5IG37S44MQA3MCO4KMCKTV3L,1
spid1_NVVUZNQAVCWKNHN5MWTFQWYHCD,0
spid1_SIWEOT5P3GVUVMSZ5LBD7M6CZ7,1
spid1_XAROWPNW4VCQTL5O3UISEZAMJH,1
spid1_GH22SVH4I23CAIDMSA2DHH57SC,1
spid1_UZC4TWZY2IFBEN6HGHFZPNI5CW,1
spid1_C6UAXWHU4GFT2INWKEYQLNDV5H,1
spid1_YBVZMHYCBLH3YNORDXY4HNIXP4,1
spid1_3PXWHT2T52KEV4FQB2YNJV4NAT,1
spid1_BALEZJLTTDZ6XS4P53GMW7CVZ7,1
spid1_QDUQ3L5GYV34CUVKZAE36FLA7N,1
spid1_MNCHRAKQBUQGPTAQ2UDAZFWTR7,1
spid1_EI7P54KJ4LNXX6PBALANPSPFRM,1
spid1_FMP2ZGLKKGIBS5G35VSLPTLH26,0
spid1_5YCRJFRTK2YHPFGLDLFQJ2HTMU,1
spid1_HAHH2CGBSEZEXKHNGILAAGG6HP,0
spid1_OFS47KQKCBDL6UUCTKY54D7S2W,1
spid1_Z6TZNR535ZENL3KC3N74SPEDG5,1
spid1_FXI7XMDE5MT5GLSBGCCJKSW5GS,1
spid1_UPRDA6LNBF5BR23E7VE73X4IPK,1
spid1_T2XIVYUPHV6B6ZXPSRR34EWW64,0
spid1_7FL6KIQIDNUHYVBAWJPUITJKIM,1
spid1_RC7DS3J2TDIFLSDCQXT27ZH4EY,1
spid1_QBPORPLIQ4WNOZ4OC2RLLUJLBY,1
spid1_U5YEVHLVS7KY2IYPSF4RDKQBYL,1
spid1_RQK7SJIYFELOFH3JI6VFAY3KXS,0
spid1_J4SWEEF57YODCM5JOMYYV2ZML6,1
spid1_TQ7URO7NRTGJG3O44XMOWIXSKQ,0
spid1_G4BHCLQAONZD2GPS4C3GN7XMCX,1
spid1_F4MJBX4XG3QOWLOOBBIJUUAHQ4,1
spid1_33IC43H6TCKSMYOLTAIQHNOEWT,1
spid1_6SDKZ4S5TQXRSQQDETS2HYLMQS,0
spid1_PYLEML44JG7ANUAAGAIS42KPRL,1
spid1_EU4AKHAX6SZ2SQMMTVPASAGGRM,0
spid1_2O7WKXM6FXNZ2HEII7GAHK4QDD,1
spid1_RPW47ODFSHLA2TPHMD7CZSFUI5,1
spid1_GKQL4M2G6F4X6C7CKXVVFRPMJT,1
spid1_GPVKS6KGK62T4Z3O7JWWPRV4G3,1
spid1_UJRMBSJRJI3TSQCGH62RS6LQDU,1
spid1_VQR3OO7ZLCC6YV54TNA5I5EP6O,0
spid1_EPCK44YLP4KRWRFJQ6FI2PT6OV,1
spid1_XFDAL5AH2D3ZHYMVEWOBFVCM5F,0
spid1_XAFU6YHPPS6UTWZIG6R35OW6OT,1
spid1_CMQZBWVTJOQJIWECRL6VH7JY4H,0
spid1_BF2LY2RBKCTQH5Q6MVJWAALXYG,1
spid1_MMKNM7Z5R2SJEH6R6ALVSYJ3WR,1
spid1_ZNBDKY25CWHWWDEUVPNUWRQQTC,1
spid1_MSIELI4GZHOZZF64GRESTXYO2B,1
spid1_KF45DWKNKUQ7HRBS7SZGFNP5F3,0
spid1_6BZCGNZAY3KNW3ZKV3WPF7KOFW,1
spid1_MZABYLVTRRB4QZU4VB4JNDGYWM,0
spid1_ICSNCKINYSTLEDACM5STZZHLE7,1
spid1_XLBC7OVTMBW4HCVYFQB7J5NAGK,0
spid1_2A7DYXVQAOBDTUAVQI2QSPKP2I,0
spid1_WI476XPPDDRBBFPP6K3OUSTPZB,0
spid1_WUOXCJ35SPARQHEFHC2WYTZEJY,1
spid1_7D3ZDSSHORPYHCNXW7IMSUH5JZ,1
spid1_IQAWMT7CVWVJQUC5R56UTDCMX7,1
spid1_5BG4J2ZONUKHVAYNB6EP2AEDCI,1
spid1_XEMSCZDEZ6BYMHPLKH4DBVH5HC,0
spid1_PS5YAEH2FZNIRWJIYMAWQOQ67A,0
spid1_MWBM7MIMG5HAOSJN7ZP2E2FDMF,1
spid1_XAH35ZFWXYYAB4EDG5VDZSCDDD,0
spid1_RMKTLM5O3JMSEH4DMLYM5C7IYQ,1
spid1_VNLIH7P5WLVJN6W4T4I2JYZ2UU,1
spid1_GFXBDYCYXD6E6SVLLZITE6KEVX,0
spid1_6UIBIKPAK42PUJ65UR6HAVPO3F,1
spid1_PGPNZBF2PJACU7V3RGZFV5YEVW,1
spid1_VAUMMO5PD5IM4VUI4JNH3CRT3A,1
spid1_2VB2LMWJBZEQ6KNJ2BZNJRPBYT,1
spid1_SDVQN5IGSHESE7TEVQOKL5PBL5,1
spid1_VI6IQHGCQOUJOZKHR3SIUEROWP,1
spid1_46RT5VET6PDRWRJHYHBIXNH5RD,1
spid1_GGNZUUNB33FT2LFC424JY5M3XE,1
spid1_A6F5UD6CHWTMX7CX574VFPMAWF,1
spid1_TKRU3SAV54FXBKOWDSYLUV6AFR,1
spid1_MBVLQHUP4N3BNSC67K2KYIOFJD,0
spid1_ZU3QMN3GU3P3LDTT45AZOUMOF5,1
spid1_WZW54L6M5ATSNR7FR3YXEZHETM,0
spid1_CXK46PUEZ4ZRGDUR4HZSIPYIOD,1
spid1_5TX4J74L4JMBKK5EVUXRMT2JL6,1
spid1_AXTD7CVF6BE2AF6KLZ43CACWEW,1
spid1_CI2MI3REH576TZ6FNQ4R2Q3G22,1
spid1_6ZZOOBQL33WFHXNCLWCM5I4O6T,1
spid1_ZL7BTF3BWL2ZASELLVFKX4RICD,1
spid1_6C7G3P7EPOUPDZGB6F4SHXR7CO,1
spid1_JNW2I7EDCBAKZUQK7AIH7MSFND,1
spid1_5ZLFF6QSB3T7LBCMEDPRWPFFXO,1
spid1_KMHA3Y2DBYHGMFJVV4JIZ46GFA,1
spid1_5JNK747G4QEQN5F3XZXGS7UW4G,1
spid1_YYBUJWLZIKEJQUQWQZVVH2N7UD,1
spid1_WO3V6YBZLKTL3DSCFMJNON6LU6,1
spid1_4OVWCKXEPBORA6XWZC4S5KNQKV,1
spid1_6PO3LR7I5ZE42NN2XNN74G3WTV,1
spid1_CVYN7UVPWFBDMS6LPZ4EX2H3JU,1
spid1_W6G6IGCVW7OYMB5CS5NEINNXZL,0
spid1_YEATACHBRZERYKO4Z5UTZFWESB,0
spid1_7P5MOBTRSY2ASI27S3VSDCDQYF,1
spid1_MKG2HUJB6NRVOIZSBM7O2U3KFC,1
spid1_5ULSLSEMGHDM3FQGPBN5OA5QUH,1
spid1_GT5KQJBINPOX5AEVVWXLXX7NFL,0
spid1_URCNUC4STIDYKM4ZGITA74W7YW,1
spid1_HCW2NEBQUF5VG43DH5WFIUBKD4,1
spid1_FTBDEDEMH7E5U7FTV2PDPQFEHW,1
spid1_Z4Y7PYWNAW7OZTYEEUJ3S3QABU,1
spid1_KQPI2WTR6P7BITJZXZ5TSZ65CZ,0
spid1_K24GFQZBNWUBW3UOGQJIDN2HF4,0
spid1_L6VALHUQ7ZNN3TWIQLSQVRBA7V,1
spid1_J73MHEDT4Z4SBSJPV5HS76MYOK,1
spid1_YP77QOB5KBESRKBOFTK2HV3RJF,1
spid1_MD2TZM4UJW3HJKGLVDGGT3MUWI,1
spid1_OQNUCPBVZPA3O7HCWO2WBGZIZV,1
spid1_KZ2SLCITJZCCPEG6HIXOKSIMMY,1
spid1_FO2XNCPAW533EGACUAX6UAXJCJ,1
spid1_X5ZTOP3KJ3Q4S5NPAHWYQQ6HIX,1
spid1_RUKFT3EBVNB5SIKS6K2ZXXPZCL,1
spid1_VJW3JL4CZI2FMCXR2AQ325RYWO,1
spid1_ZCUOPROPELCJWC36AAKMK45LLA,1
spid1_264FQVPNUIU3DZMVPEVKXYEX7G,1
spid1_URSS72J54CMLD4GEG3UJUP5EAZ,1
spid1_7LOW5JNJSWWTW66JGHYH4274X6,1
spid1_OEVGKE7GOS5KVM7CVQ36DS4WOY,1
spid1_DFTKEFSBECON65LPVRQVPHCLCN,1
spid1_IBSBHXIGCUP2S25QMNVEEV7EVJ,1
spid1_WJHYZPJ2BKVMH4B2RNEGHSRMGP,1
spid1_MFJ5F6EXUJOSM2P2WW5BTNXTXB,1
spid1_REAADLI2GPCDKCC73MF75QNP3T,1
spid1_5WTGFTSETPLKYPNGLLUGS2XG6H,0
spid1_QD3763T6K4DCWUKP7B6JQAFSLY,0
spid1_XPVTZRAYMXSIUHAFFUW3ENWIGC,1
spid1_VCEIFHV7XEE3ZGU6SVLAPTVGSD,1
spid1_3FMGNIQBKVHGHPPULVRBZMGEO3,1
spid1_YJ7EQEZUZIA7GZL3MXRRCHCJ2N,1
spid1_VLI25PSHYBKBEFSZ6FELGTCP4T,1
spid1_V2536LX2KFES5JLBLQWOFOMPQG,1
spid1_T4EJ7GWJKSKIPYVYGJUN32O2GE,1
spid1_62FYWC64S4X635FLV4BJ7S2MVB,1
spid1_WRBJFRSUONATGRDZ54TWDJO2PY,1
spid1_YHXVWP7BJZN5BMXI4SN2IMQ4Y3,1
spid1_4JOROE65SOQBZGHPYC6U244U32,1
spid1_PNRATBNFO7X2FCAKTF64QGVXK6,1
spid1_PWASIGZ6BRJNVVRNUI64LXFQFG,1
spid1_H5XINULQGS5ECYR3OANQ2SPIRG,0
spid1_NGNCBPF52F74H4YIY4CRA2TEFK,1
spid1_M2SM7F4DKAQB7TZGZW6E5ZCR4S,0
spid1_SNGWSR26F26PJ2AHBDBRENMSES,1
spid1_EYXRVVDA6DTKGMFQWZH6OV5364,1
spid1_MF3R2JMGMCHA37Q2KRXNSOXXLO,1
spid1_URZ33S2NQTSZWHNHMFHBUZCP3V,1
spid1_C3DLJ7PYVSYGQP736DWNRLC2PE,1
spid1_ZRN62PHVHX7D5VUVG3MSB7GFNZ,0
spid1_W6DXQALEKDY4LAMJRCCUA6B3AP,1
spid1_COPGGLKDQFM532VT5L737XHEFK,1
spid1_RUOLGSQNCRIO3FL4EDAYHBU7TK,0
spid1_QGTZJ3S4ISWAXV7Y5D7XZCJGL6,0
spid1_6A2JC4OWAROT6LHLUNUU76NURM,1
spid1_WVUXZKEWODJH35NPNI6MWHI4H5,1
spid1_6RMWV6KBC3R75DRMVU6WG4E5TG,1
spid1_SBWLZKRZ5QWDUIA756BSWNONNU,0
spid1_AJ6DDPJKQXFK5VVHDRZVNMA77F,1
spid1_CTICCGXT327YXLLGIW7K73RL5P,1
spid1_MN77655WNDGJU7RHKVRB7T6MRF,1
spid1_CNRGEWG65WPNYTJ5OV7ORZOAZF,0
spid1_BZPPUTLLFAIMCXWZD4FEIJKZQJ,1
spid1_I6MFEXQHN6VVWRZI7URF3I6LY6,1
spid1_UWKAWJ7DNTQKVIJZFURA6IJTSP,1
spid1_KG3JL5MM7X3TCS2TOSOVQFSYBR,1
spid1_KKJTAKOETNAP7IDHXCZ2BK4IZW,1
spid1_2N4QPCCO3XWPHRVTUP5DEQZBQV,1
spid1_SI2KT2JUFHL6AUSB25HYWFZH4L,1
spid1_PJM2NZC77BIVUUYYE6VEDA76SV,1
spid1_PHEUSS4CUWTKJ35M7QWZMCDWOT,1
spid1_NC3KWBB4I7A7BR7FJTWBQNUHST,1
spid1_UHNICHLQJRH2S43NAYETJLIERQ,0
spid1_3SX6F2DYDUN4YU5JEPNUSK2MGF,1
spid1_RY7AUZ2I7V5DXIWUOQH3XOPNNP,1
spid1_RNPI5RVWE3J7KIZPOW6WN5WSQF,1
spid1_TY72LVFPYBDAWEXKLKVDYGYQAF,0
spid1_FHMROCARNZFGZMQG7WYDEVN2UH,1
spid1_6AFBFCSYI5LMQMKKE2AADQEEWT,1
spid1_OAH4OSIMJPAU2X4EJN7ZINC6MQ,1
spid1_NARFP4S2CPHBW7XL3EC3VGM7TC,1
spid1_BA5JIG7BXGW7KAAMVDCL3R7NFL,1
spid1_SPHOHSUSGM4WA7OP3CFDH7VP3F,0
spid1_Q7XHZZOTYF77R2RUX2TX5U62DT,0
spid1_BCRBJRKGMH4JJI5OV53UAYMOT3,1
spid1_RYRNHDJUVOXRWDO5ZRTUSO7TGJ,1
spid1_H42UNZL5ECOR4SQL27L6ZSP3CX,1
spid1_KTABMLUNJ3C6QBIVKLHKO6ZFZQ,1
spid1_Q4YSAJQUVC5XDNWDXNVTTTLXYH,1
spid1_MN6C2GQWCBGBEHT56TGSJUIT4T,1
spid1_SUDIK6LWTFDDKXDGVWVXBX7HZU,0
spid1_SJN37ORKGP2ELNU6F72DP7PEQU,1
spid1_PPGNLTHWVCZAPUZRNTCOX2S2NA,0
spid1_XOJQMC6CWJE4QD6QAENW5RFFAR,0
spid1_VQ5MWDYFCMY3MRQOZFUJPJKI6E,1
spid1_D4WTLUZFZGK2GLVYJAUZAADLKU,0
spid1_S7RDZHLEWLMWQL7A3WSX6CTCOR,1
spid1_QORYFTQFTHNJYZECNIYW3XR5HG,1
spid1_4UCGI4QNRZAYE2NA5GYSJUIB2A,0
spid1_CLZ4ZIAVM5BF5PTX662WXRPJY5,0
spid1_7QQUDFNCEJSWFWSQZYTU5V34UL,1
spid1_JJOTTPYN6B7ODAIMA2AV7HWFGZ,1
spid1_WAY3I5KUS643JC36B2SDV4TLGP,1
spid1_2NQIGGCABS2MU6ARLDC3NJSXE2,1
spid1_N3LKQYQ4AY3XVGT5X555ISD4E7,1
spid1_NLGLRWBFTMFVRNDUGFH4KV4NXI,1
spid1_7XCQ2ML33YRSUMRAPXQWUSQXYY,0
spid1_UOMKCNFOLBBFWSTGRANMPPPEZU,1
spid1_KXTZ46QB7GBTXGGRMYW53AYSIW,1
spid1_N64GOSTWA4JXUNIIKRYP6CZ6XS,1
spid1_CHUH5EJKMXWU5QMWBFZN64TNHN,1
spid1_5DCQ7NUBTPQLJOBQ3CVA2J4ETC,0
spid1_FW44OO6HQVOX453BRBDMOX7AEI,1
spid1_YGW63SS2Z7WT7UXKPWSPRZ2QG2,1
spid1_VW6HIBSYVLPXI7STLBRRM5N3YG,1
spid1_ZFQRWM3XNYCJMWNRHEFKFER7LH,1
spid1_IYIY7BQUZREWPHI77FBZTQOSKG,1
spid1_GZI4KGPY7ZSE7HNVETT5AVEOB5,1
spid1_4CULSOTLBZBJ6P4VI7VZENRXMA,1
spid1_GNAZAN4KM4FPQGVTHBGPVNN2RN,1
spid1_OEOYPSVRIPXFKAHSVNHSN2KSZ5,1
spid1_6OF5L2T3VQA5K33CXNOKT2Z7X7,1
spid1_V4D46HJVZPNGZNSBS7GHTZH6E3,1
spid1_EV3NUK2FPA5OZED4ESW6FL4RGI,1
spid1_NST3FIZZPNGM5NIGV7VUXAMC44,1
spid1_KXWPIZIBHXVNXTTFXINTRBZ2BE,1
spid1_IMCDOYGULMT4BMWNH6KNWKA3ZO,0
spid1_YJIB3AM6U3JEFKGESBYGWHHZTD,1
spid1_2MPKMY35WFQMDCZR6OQVTFUN5U,1
spid1_YBABBDLF77HXEEH4IWSGPYK5IR,1
spid1_S42WY55JJDMDRFGZLWHQK2E67C,1
spid1_MXZRHIXZHQ3GK32IBQPGJAR7NT,1
spid1_6SIYXK5QL2IUICB24TCJQSTHIN,1
spid1_MO6F2JELDYB3AIHJWSTU2YYGER,1
spid1_BWMSXGTYV22BM6KKZEFQGT5472,1
spid1_ZVCTIYLGVQMAXH3HF32YN5U2JH,1
spid1_564JHEWYSALUX52ZCPAWK3JAB7,1
spid1_ZILXGSLIPLLSIRSL6MY4VL4JX7,1
spid1_GCSVVQVRTNY5TAKVEV6SRLOULJ,1
spid1_VB4LO2M3ZAG3VQQAXYBFOMCUHX,0
spid1_2XS47NYKIHSEMN2ED3LN7XTUAO,1
spid1_GRXYH275NO4D53YKWPMNY4T5WR,1
spid1_FMVI5L22WB7OQ6KBLBBRS7QIW7,0
spid1_5MGMIECUMUMINX5XWUXFE2K33S,1
spid1_Z3V6SN66RSIIBPBCN5GSS6BHFQ,0
spid1_UJWZMSB6COML2RQR3YTCUXDN24,0
spid1_6IEDQOTB4IFSWFPDO4NS7POCXU,1
spid1_756TUVQ5NOHXVZ3AFD3PM2XG7N,1
spid1_LODFF27AFHEHZPLG3CCB4DZESH,1
spid1_I4E525CEGGSVM6K2JS6GWJXKBP,1
spid1_HTUCJ24X36HCH3TOWYOW3UQAZC,1
spid1_7TLB6PMBM7CHTXHDPGXA3PWLGX,1
spid1_NXIAJ5DMEC2YBNDTT6CGRXTCHP,0
spid1_FG7DRT74VYXYQK74ATICHDMO4Z,0
spid1_BBQPHJ4ELZ425POKO4CG3AT5KR,0
spid1_CY7Q5DQJ2KNN72LBMCTBUNIL6U,1
spid1_6CIJ3FD6UNJ3VFE6PXRSAJPNGE,1
spid1_43VO6FV4TVPYOK5K75UTKWYCXK,1
spid1_RBI3MUFQQWA6KHNNSB4GWIPHXC,1
spid1_N7WYIYSCQYGSBBXDEAQNO6NQPY,1
spid1_K7XUHUKFNWYTQZDK73DABK5S4U,1
spid1_TLKG7NGTN73PJFBQCWKAVTNYW5,1
spid1_X72OI4N5VOIYP5475CWXQSCQOO,1
spid1_WLSVXWNSL727MM4FJQQCRFZRLT,0
spid1_KFDP22DUHSFP777JP2M35QUBVG,1
spid1_6AVEJGFG4QO46ICQXBCUMEQHLM,1
spid1_MDR7R35Z2QB5PWILLF6FZWCOO7,1
spid1_QSMBQG7S7YR42F26MYZNPOFS23,0
spid1_PHZSZFDHJC3SEQS4JS2VGUK6GW,0
spid1_LATB5AZ6XNBMQYIWU5OVL4WJNY,0
spid1_PBZWMYPORCWJSCNN35JS4LMUZ4,1
spid1_FP4QO4TJTIPAA4ITGM5N7PQNPF,1
spid1_GKMWMV42FPUZ256LQZ4XYLPT6Y,1
spid1_KCW2TFPIZM6B4Y7ERIUCVUOCWF,1
spid1_R6PLZ6SMHXJDGIEZHAFMQG4NJ3,1
spid1_TG6YEELLGQAPKMCBOZBPEJKVVQ,1
spid1_S4HD2SG2VLBE3AXFOB652XIUYE,1
spid1_76NP3WY3SPGNT5RGZ7WWZPEYLK,0
spid1_GI4DI2KTAK5VJGC5V32VCBYEN4,1
spid1_64FOVXQNPR72457PDIIYYPFJHY,1
spid1_Y4DORS2NBELQDWBEFF5LDA6IKS,1
spid1_TQLAEIRBQ2B3SRLW7BTEBT3H6D,1
spid1_WUTK2LUQISSSJECXMCWUIVFSAC,1
spid1_EZZ74TRKMXJ4QHF2AJ273ITBOM,0
spid1_VW243TN2WUNYQI7ZFVX4VMINQ2,1
spid1_LXPQL2SXX3VLBHBN6H7OQV46T3,1
spid1_VWLW4QLYS54FV7RKYJWMH73ZV6,0
spid1_TQRXZODZDEDVVER7XTDXPQHFGY,1
spid1_ZN5HUVCCWNLZKK7BYOFMXMHQ3O,0
spid1_FHGXZVDSRWHQBRUTOUM5EQB7UX,1
spid1_7T5EBHB6WEBBJ2CDYTJZDI3KJX,1
spid1_7FFBYRCEJPCM6LXNSV2IPZADCT,1
spid1_AJWUEOCOD5777BDYCEXVKRWVSE,1
spid1_BSJ5OZDSMC3ZLNJD3VEDJ3KCII,1
spid1_ZSBEPY566JQBQYEQLLF5644ZJP,1
spid1_FYTXHPFRR43FLFCLI6RLHQX5SL,0
spid1_CLPUCHCPEV7QD2EXAZ3XCEA6I2,1
spid1_NJ7VEQQPW3VHPYJ5IWANDTV64Z,1
spid1_PNVTQ3D3AU5M4LV7TGROUMIA65,1
spid1_UKZD5AC6BCJAYPAAKSPELO2D2B,1
spid1_RBW4HOMXMEQALOGVZVF7T2B43B,1
spid1_OUEUNUX7IXTHVGFK5YL3DJNAJC,1
spid1_64DFQP7LCTR2LEU5UIOEXGYZS2,1
spid1_HAG6I2YEEE6QRBUJ6735ZEIFFS,1
spid1_BX3ILZAON6VGZW67Z5IK5AX7SE,1
spid1_OPYIYZDGNUDB6LB7WJUZODJ7K3,1
spid1_CGPVPAHL7HPUW2WFULIN6ZQLFA,0
spid1_2DAZRPFGXBCTDAQFZUQPAKXU4O,0
spid1_7XJDZKRZYF7B7IDYHQ3ICV566L,1
spid1_GGEIJZSXHHJVRYZVKVPE6Q4DCM,1
spid1_N2ALJ7OTNUZTGLO2WHC6XOWIDS,0
spid1_H5HFYJH62FAFDWAG4EAA6OLKNO,1
spid1_G5FJB7J6CZZSTFJHBME7CRG5MT,1
spid1_DBBA26SCS3MYBJ4ANVPLFEYJCN,1
spid1_DZIFKSPOI6RB567IWPEBQ56I2O,1
spid1_DHEPDYH4Q2EZ6XIV4UQO2LNYHL,1
spid1_MY7PFQHXS3KP6SKHELQGZSITAF,1
spid1_Y2F476JQHEKTV4IXXMBIS4RAAV,1
spid1_WBSXUBFAS4ZRZDLIPVF5B3O5GY,1
spid1_BQU5HAQMSASOA3F6HJFFAC7CZK,1
spid1_7DLZU2UBYC2JVEBNZV34RZSQAU,1
spid1_R4TECWC425MV6XQ5QYARAFRN3D,1
spid1_EP7PD3KTFSP5LOTKT5PSWVAT4Q,1
spid1_OWEK7GCF2XTRZOTKC7KGH664AF,1
spid1_RTWZIHUYBIWN7VNPJARZSGQIEH,0
spid1_U7QDW5CS5S6GCD4LUS6B7Q2I77,0
spid1_E6J55WDKHFIZHY7AZ6M5ASTJLR,0
spid1_TUL4B2VEDZ7442G2FUS5KHX5QA,1
spid1_UGHR3JRDMSI2FM4Z4QS3KNDNW3,1
spid1_Q4QXDGJSUQI4AIT5HU5OCHAUYO,1
spid1_ZDQMP4TOXWWVQPZXHFR7Z75CR4,1
spid1_KBDVPAF7GKUACL32N2L2TQM64V,0
spid1_JQ26SCIVRXBNCMJUJM2NADRMUS,1
spid1_S2I2OIJFEYD3752O2A3SNHEDLY,1
spid1_276CMZRIE6SG6Q2VPLHVYCNE2F,0
spid1_QVDALJD4JDJV4V5XLA7YBF6ASU,0
spid1_3LJMU63D4GUEHWZXRKWZGQWKG2,1
spid1_NNDW34XBIAGKNQE5QGM5HCMACH,1
spid1_KFXUVMV4OD5FGBLV7ALUEE6XM2,1
spid1_VRSJAEDCHNJS6GMMSUHQ6ZILED,0
spid1_5IOXO246UNMVQ7UMUTFY4Z3NLH,1
spid1_FO6SX7KWT25RHJYS2DHPLL4HN4,0
spid1_EQYAIUCT6FSCK6GLOD7A4XRJNS,0
spid1_SNEDO5R35COMLGK747MXOKT5GH,0
spid1_GJLUF6BY4KI5LV4GFEVLJSIAM3,0
spid1_SRREVKXS3BM65PUQHATIEE2YHB,0
spid1_3SHMD43W7ZF7XIT66PI5GTM26O,0
spid1_D4JBKAMTJQW6DPHXFAIDF5NVV3,0
spid1_JB2DX4EREN66QQ7NWERDADP4HS,1
spid1_OCOQUHWLG2LZEQSTW5H5M5F3CI,1
spid1_DNBXXKK5IH3F72UO4MGZY6CS5W,1
spid1_M3TD6RLFCQOJXBGZRCOOAFZWCP,1
spid1_IRKZ6PIMBGUO3QBJJSJKIYD5JH,1
spid1_576QFHCBTGTWILJKSK3JQDM7PU,1
spid1_7PP2JTCESQE5UGJART3P2K5D4H,1
spid1_7UOKDXTFDA2NMZ3RE4E5MO2QFO,1
spid1_I3HESTPDEEFV23F4MRTBWZCU24,1
spid1_KBSWOI7A67B4ZBPVACXDMW3ECG,1
spid1_AVPRCPCJ3O5VPRSQG6DFRVYKDA,0
spid1_7LMKCIXV24PAGJMVOHABFR5S3T,1
spid1_33A2PNBRNUO46KTILPFSWBDFBC,1
spid1_NX4WPKNYJ3G6US5SHBONDFKLOH,1
spid1_UOJIDB4IWQ6JMV6772YTB35ALM,1
spid1_IUC2SCHCD34DUQYLKGV4GAYZZP,1
spid1_4YPRXKSMBVGPOQBWNGXVRHFFYR,1
spid1_TFGCAKUAUSV6M4GQJUM72XVF7Y,0
spid1_JFJUOZDKGRDQ67WXJIX3HLK7XS,1
spid1_YJ4WMHC6OADHSUZIOZSS2EQDAD,0
spid1_F2AFO7MLDHYIPEFDD2V5FB4GIQ,1
spid1_56CKEJ65GDDYMZMIMVZS75VUGR,1
spid1_6O5F6BYYBOIJX7HSGSXWMR6SBK,1
spid1_HTV6FWMJF7HFXHMLIUYNNLZTL2,1
spid1_VTZ2THRSIPM6AQ3ROYPF3ZCO2H,1
spid1_YOLCCKMVNSXDYZMT4MLWOJYGLT,1
spid1_P2AOVNMAR6YCSOZNZZYIE4H6CB,0
spid1_UAZAF3ADHQUQIIEBTAG63ZOVXP,0
spid1_P6KFTOMDNSKNA2LTIU2YWD7AM6,1
spid1_6JJ5ZXZFORXVN2354IF3VVGHBC,1
spid1_4GNDEFTDF4MB3CRFI7SOCHGCZS,1
spid1_KCYELHZ47OBEYC76VAP6PTQ7L2,0
spid1_365N4AJPHFA65QIWMLAOXKIEVV,1
spid1_AJ4AQK3OPOWQRJTID7CPV2DGOR,1
spid1_6ILADZQYPSXHZRRXOOMG632T6Q,1
spid1_2ON76LO454TXBIFK77NHFIHUUY,1
spid1_QN753I2SSBRGLICUDARLXDJDED,1
spid1_5WUEZKLACCIPVKXOPXKQ3SLDYA,0
spid1_7WLQ4QSJGOCLNISIE77QQJWTXU,0
spid1_6NYMVR26KKWIMNSR7Q7UHKSKYJ,0
spid1_CYE3URUBWW2CEN6IZ6TSL3AEK2,0
spid1_P5H5NIFEYXT4LRLEPSVELIH4TH,1
spid1_H47K2AXG3PEMQRWSPSQ5AVQ4OV,1
spid1_CJR47WKUSUILE3EFDBGEQDVZ2R,0
spid1_LJ7IRDL4VEKZVFNZHBRT4JGBMH,1
spid1_5WNBYGMCVH7PXQHMV7KV7M4FLE,1
spid1_TTI7O5QBPJLSDV2CHCFX4GHA6T,1
spid1_GC6ZNEZLSO5RSXQDHO2VRPII6U,1
spid1_BI2GGB7GUXWKXFXSILGHF2WKFL,0
spid1_CHACKMJZ32NTEWGJMVTEKMT53N,1
spid1_KPTTCSJEWDNQWO5T4WOARMNYEE,1
spid1_XGUWZQ6OM7SIBNQFYWDC3IVHHP,1
spid1_P2WJHGKWSISUHGJPATPIVDM3HL,1
spid1_5AUOPBRHXGONAISPBDFC4QNZI5,1
spid1_QYKZ4IO2IMYGY6VDJMKQEOJC4N,1
spid1_EP3STMBCR3SAAUVQKA4R3MQKEH,1
spid1_LCQQWK4CREMBVQKKIV43GYMH6L,1
spid1_VCGPBF7NZXJ7DWMJVV6PR7PDJX,0
spid1_PKFJCYSOGEJ2B7N7FVNNOLP4GT,1
spid1_V7DBNQEGRVKPBSYG3FKYNUZI2U,0
spid1_66ZTGG6NBSNIMWDVY7HFPD3JA7,0
spid1_3BP3WTPW4FDMHUFF2MF66PLYNK,1
spid1_GZ2SS2NB6BQFOOJHRQ4LAAB5IX,0
spid1_HVRI67H6WVPQSIYULNA2BIFCWM,1
spid1_M3DW2DKO3YVFX653F4H3JSSJ4C,0
spid1_OZPAFI7PKYIV4DMHLLSOEYTVX2,1
spid1_ID4MENBBIBCS27LGRSUFICIJH2,1
spid1_DDMUTT46AQ6RRI6HFKH7UBB3Z5,1
spid1_GME3J6AXCR5ANQ6ZFEEB6RWGY2,0
spid1_WWI5NPPUTFZSYCEWJD5KPBIYWA,1
spid1_NT5ZIZ3GCHXIDINCTL4KLRYNHQ,1
spid1_XJDOSJIY5UROTFHGCFZQOHPFUJ,0
spid1_DPB3KGWOG3FUD7XELXD5XE6APK,1
spid1_HWH63GYTPWG7RHSKX2ZZ6O46ZJ,0
spid1_L6NIMKKKCX3JSZ6PJQ3MQPKAC6,1
spid1_DEBHJ4MB52OGWCPOYL4K5QLA7S,0
spid1_QQURAS4M325IGAF4UJAQJQVB4O,1
spid1_FC5LQBRWA767F5ZA6QV64UH4BW,0
spid1_MM3AR3532L6HAI77NZMTO6WOZ7,1
spid1_DCRE7YVJ3YE363MV7VTRQ6KGNS,0
spid1_VVXYEK4LDFGDK36EP2YTUHCJ53,1
spid1_QMZY7O5CL2IJCYIHYRHVXSALJD,0
spid1_PNLNRLP3JTJAENRA6ANW5IK4Z4,1
spid1_NTWIWVPSAPJGBMAYH7JSMQ3NOH,1
spid1_PK76MM3IDKRYGZPBBKHTJMA4N4,1
spid1_SAEVSAQHZPZLRT5CT2XRVZMLHV,1
spid1_UMFEVIMXFSUBHYCDARWJGPEK23,1
spid1_RNSLHYE7SDMPZRZ5OJSAATOZWL,0
spid1_XHNNDRSRWD3JIQQO5TGQHWZVYR,1
spid1_FCOB2K7JHQ6YYFL3C3TG2HKCC4,1
spid1_WRHQKQ46F7ZCVCDLSIDZI7OQFK,1
spid1_FLRA327ZX3LJJQCB6CRVGWMUUJ,1
spid1_EZJZFG57IDBKDHYZ6OUQCKFGAZ,1
spid1_O3VZ5MLUQAUCQR3FJBAIEWGYKV,1
spid1_ECVYFLMCY6YFJ6KCSZ5ZTXUDUV,1
spid1_UJVCUG63UC44NOAQMWOMN3XVIR,1
spid1_I2XQLYCK3LWI4XDIOVBUQJQHXN,1
spid1_NKIN2SPZ7ESKVXUDMEVTTPMJXY,1
spid1_JJ3QZ57DKXFG5DULCDQRVHFYHZ,0
spid1_C3SKQJK6OFTZ5IQDJYUY5W4P3P,1
spid1_6PRWKZRLEFAHLQZPNUQQO645DC,1
spid1_RK7SOW5GAR3EXAH7UN2UPZ5PEW,1
spid1_4DZGA57S3VB6YMVFIUET3MCQEY,0
spid1_6WHO5J3GCEAMYDA4DVPEFE7FLO,1
spid1_LI4RMLBDXSGQM5ACRUIEBTPELZ,1
spid1_R3XCOSPCCN3C3FI7VYILILZ5WC,0
spid1_SYG5GB5LBFC7N7UPZQFNPHHGLL,1
spid1_3MSSTPCRTSG62HYA43Q37WONVJ,0
spid1_ECZI2TZNRVZPCQQO32JC5Y5LCS,1
spid1_6V7FSKM4WG46RYOFUEVNJITVPZ,1
spid1_E5HCELLPM7BVSOBYWBYUHSYMCD,1
spid1_ZJNIKZJKDIQ6EOPXCRAKKG7X2A,1
spid1_YSEF34UQQVZPURILR2CI6NYCBM,0
spid1_TOJ56ZMJ3H2SGCKSBNYWCH773Y,1
spid1_QBUZCBS2H3ASDNST7YDYM6CNKF,1
spid1_VNNQEEYYBWRTLZ6LTXTMVEDJMF,0
spid1_3YJ6JONESYPRXYB5C5747XEDSS,0
spid1_R6M73SWKH35K6GKN7RGSMMWZDF,0
spid1_Q2WTTVEBUWSM2ARSWHJFP26QN5,0
spid1_JMALG2AF5AMMOCJSDL2FK64T6V,1
spid1_HAW7U2K4PHNYUOLAEJV545V5J2,0
spid1_7EWFWGCPEWLZCZEU4ISM3F5J65,0
spid1_XPLREDQH5BAWCFTPZJKVOKEZKF,1
spid1_CGXIMPUKZYQRU5WLGNSWUPVMWF,1
spid1_3BBROFAI5XGR4XM4UXUPQOGGPP,1
spid1_TIP6TP7QQGFY4622NDBARF4U7G,0
spid1_L5FK4WCIEB25UEQOTKCU3BUW34,1
spid1_C33OWR5XPU7RXVVQERXGUIKAF7,0
spid1_BJEGCCYCSUOK6RE73OZBGKLN6B,0
spid1_WTEZBGJNCV6OLHVYCPLQPBRNW3,1
spid1_XN32RL2OO7QVOLQUZNDRE442B6,1
spid1_PLFT66SNJJAXWZSH2A545CPFTZ,1
spid1_RZCZGN6PMLCAL7FIPE4YSHWRS7,1
spid1_TAVZAE4YTQVUZ5F5K4CADLZTX3,1
spid1_BJ35QMJHCBUG33GDB6L7YQXBHO,1
spid1_BKHTCAAQR5TA4KDN4WDE3TWV2J,1
spid1_GLJBBUSCWOD3IKNUTEPJQQCNIL,1
spid1_HSDUVP6U7FZGCOGWXPTWAN5VR5,1
spid1_NJRTWJ2X5VPTNOEVF7CFBKORFX,1
spid1_B5YYFTHI6R2HH75FKDGCEIZD3F,1
spid1_C3J6PZRWR3VZCCH6OH2NG7K2HV,1
spid1_2QFWVYXB2TRMISPDB6BUGJ66CW,1
spid1_PHRQYZSO2CI3HM5HEXTUKD43BJ,1
spid1_XECMYNTQCCOJUNXJXC4PZJ2PFB,1
spid1_JUCFQJS7TUSV5JKKHF3I6M2TOK,1
spid1_ZRDNPLBIX4JLI7JLO6I3YG7OTV,1
spid1_5UIAUTFUU2SSTUDVCAIQNYE44U,1
spid1_G4DLGDTNYYPAQAYBP6YAFGFJHW,1
spid1_2HWOR7CZCM7RDM6ERVBZ7QBROR,1
spid1_EYFTQ3OV7EMGGA43IHDI5B5AU6,1
spid1_6YHZOMINGNJ35HYWNMRD4VW7T3,1
spid1_LCE65JW7A3OKGB6JSGDWPMJRT5,1
spid1_NU2DITIGWJAWCEQ53QV3WUWRS4,1
spid1_OUKRMZ35AVLJXUEXZT3Q3TS776,1
spid1_67PCWQIF26SRHOL7WJJF63YX7Y,1
spid1_45LDZQJ2XMBP53HD5CIQZFN4XP,1
spid1_JZLWEQK4T2CQ77O2PNOLWOVDQP,1
spid1_7NDZHDKLK3CD35XQLGGNY2UPBH,1
spid1_MOBLIMXO6GCGM5ULRFTY3XN5BJ,1
spid1_CB5DILJDDK5NM4OUEO43IBIVET,1
spid1_LFBCYOPMJF56HBKIJHC333I3Y3,1
spid1_72A2MIBQ3H7CLPCHTMGWOXQISF,1
spid1_YL7RBICXLJRAG54ZYRG3O3OBCJ,0
spid1_O4WIPXGDCRBX2S7KVYJCFR2AFC,1
spid1_C3F3VB365UMIOTQZ2K3NC6M5Q5,0
spid1_SKWRXG3RKEQS4Z7OGL4IEJTOCY,1
spid1_HVNWSASYFHB45KK4UPSEX4JTNP,0
spid1_AQUAWJDGTGL3QJYR6S3XDLDYLH,0
spid1_UXVUHVMRARM5CEINDRWALVUQZF,0
spid1_5NTBZWL2SXMLO4EGQRA32LPOX3,1
spid1_LNL6HH3RWLGJMMMGZZVD6LF4QI,0
spid1_WUGDG3VLOHDX3HEBCPF4VPZREP,1
spid1_H4MVRT55W74GYKA3I7VYDJXVOK,1
spid1_FH5KMXH3JGCARSIDZVNUUFIO3G,1
spid1_3W4FKK6L2QUCUV3C2QP3CHWAAS,1
spid1_QHDHCRSYPARQ6SG4YWP2Y6HR6C,0
spid1_ZBTNDDJB26MSE6UHA6S3DCBR2S,1
spid1_4I4Q6BTR4ZINZKCJSJPGPW4QQB,0
spid1_T2CZS5Q35YFJM4GS7HOUJ2LIUP,1
spid1_Y7C76AHZOFC6DOKLVMFAECHMLT,0
spid1_YIY4FP62DY3JO4VEUKXB4T2QSZ,1
spid1_LUPEYITXUFPHEYG7DE46HFHO4J,0
spid1_VESBFVXZZP4RM6AX3KK6VVCJNK,1
spid1_BSIQSU5TAJY3YCPQTFAFN7EYQH,1
spid1_UWYQ6YZSQ5LCKPKLLWCJFXEF66,1
spid1_F5IKJIGUARBXPQDFUIL7N3XJXB,0
spid1_2EJAWMW7NLB7C5MYC6CWBZ5KE2,1
spid1_7KV7WXTPSIKHMBLWAI4S7R3NXC,1
spid1_H72YMWQZSXJ7BTR4YNQHPQ4T3Q,1
spid1_D46K4PPSPOIQEBRITINEEJPXMS,1
spid1_BO5MGUVYXLDYXQBQENUUZMGXMX,0
spid1_E5LOJT4UR3Z5DAVEQXKS6N2CE6,1
spid1_MDWLWVK6JBMJBZHPND4AMVLNAV,1
spid1_ETN6VN4OTWN264PJOQ5VPBCNL4,1
spid1_ZLOEFRLPMPSRVDWSJIQCDN2E4Y,1
spid1_LIWCWQ4PWOSKUFWY4XM3V3BAS3,1
spid1_DRNDVRC3ZFGLBMGAZX4JO4ZLAF,1
spid1_IAIBJAJAWG7QX2ELN7JK2HCRBV,1
spid1_5UGWJ6YIMBHYX7RTHVAXY2A77H,1
spid1_DG3R553VMNAPABBOXAFEUEZ5MV,1
spid1_U6323RNONAHOANPZ6NL7KHNAPO,1
spid1_E3TPWYRI5OVBXJIKQUDX334A6V,0
spid1_IPSKO2LR6HHRK4Y6A4UZZIEVIE,1
spid1_TWTRHZMUFTI6BICULP2EYJVWK5,1
spid1_SCVLFM4GT4ES5RL7OMQ54VSWY2,1
spid1_DTHACSQHVZUMBGLXPVCLT5U3QK,1
spid1_QFDBDWFEZPU4WH6VMONPURKGLZ,1
spid1_AKLIVU7ZEXAPRVOC5C3IB4UT45,0
spid1_OBQTFXU23CKBWEW4FZT5PSHCLY,1
spid1_PYXK2YOTL3I4F5FPPSQ4NESDBD,1
spid1_XMXAQX6SHSHBO7STXJJDVLNEWU,1
spid1_726VPKJ5Z3GQZ2CLGILRSRDIP5,1
spid1_SAOCCZMGIHCEPQ2TFG4ISMER4B,0
spid1_UJXCBZEM25W7RB5QUYQ6XPLFRK,1
spid1_VYBQWCLZC4O5264Y5CHGVGQZLZ,1
spid1_XEDOX2D3VSAZCUHETZB7XVYSP7,1
spid1_TQNYZFQ5MR6E7SF3QB6PYS5YUK,1
spid1_43VFJ5HMNETUNVN4MYK5NUZZOV,1
spid1_5VOL7VXBXEIBPOSYICGY4V3GHF,0
spid1_ZQ3A4FGGRZ4BPKTX3V6XXCR3ZY,1
spid1_MFW7VLXK6AWRTRTWTDCIEY7YE5,1
spid1_GANB5KHVSBXWZLWQPCSF7WR46A,1
spid1_ZZQKBC45KYNT7H6HLKYIQGOSZX,1
spid1_JFFKULXJ6C6VE3RFHD7M7Y2VCQ,1
spid1_YRKFOEQ3UKJCS55ZRNTSD2D5I6,1
spid1_556A22JF2RRCXDJSB3O24SJMLB,0
spid1_RNWE3YV3B27LJUIGABNQVKGCDX,1
spid1_QMTJWYA3OSTROYSGBFQY7D3Z2W,1
spid1_BF3G3G7DQ5V74FI27FTDV4XAQO,1
spid1_KX66RVHINHUO3HDUNVT3HDVYJT,1
spid1_4YJCEOQTD3DJWBFQUTTSF3JOX6,1
spid1_SNVH5KT5G5B5LFFNO6XWKEE7DD,1
spid1_ANE7RLJFG3B6NZQUAUTPD76FVQ,1
spid1_LLLELTGEFRTK6REJOGH5FHDMW5,1
spid1_GVXVXC6CRJYWSU2CQE3SWYZABB,1
spid1_NHDMPCE7WJ7BIOAQ6VA3EGAPMD,0
spid1_EOG3SYWUZSFYLTW2FXWKTMJFMS,1
spid1_I5JPWDAC3JNXGNVHYPFDBWOUGB,0
spid1_HY6YOY5HWT6SGQWE5BYEOZZBKB,1
spid1_35OBD3HKEETMQVSUANHG7JB3QC,1
spid1_IDQJ4S6GXAYKODN2UDCUK5LBKT,1
spid1_7OVY3YWP6YBFLWDOLAPJ4KXW4S,1
spid1_3KVUATB7PG6PKI2GILMSO4U36P,1
spid1_A6RX6EBKXCRO7MNGWGM5ARUNI7,1
spid1_5L4KMM4ROSQCODEUFWQMYWTDG7,1
spid1_QYYGAVJLKGWSXEJO4AGVOXVXYY,0
spid1_LILEYZTQMCEJUL7T25F4X2TU3I,1
spid1_R2WTDZVSDQCXULVZZSMP3NUWAK,1
spid1_C2OXNA6V5AEPBEJ62FYL35DDPH,0
spid1_2NQ7UHON2LCS5FYGQKVYR2IBB5,0
spid1_AOBBV7KVVLG7AB4B4XWJIJDQNN,1
spid1_Y6AEU3JISDUKLLWBJ44FK6AUBK,1
spid1_BSIYV5RKO4ROS5XPRBBSUG2CNR,1
spid1_LQHQGVTYEWUVGLTZQYGDIFIE32,1
spid1_E445HMNGJACA2QLGZT6ZFJZWQH,1
spid1_CEUAM5IRQ6276F5CG7GZHZL4XY,1
spid1_2O2MNH7THKQXPP5ZVMPFFE4U34,0
spid1_PO4K2VEF4ABV5F27CSYS5E4M72,1
spid1_ITB6LJNUPHABQRKAEOMHONC5BZ,1
spid1_3G2TGQJ6WZGYOUTKIRBEIPIL46,1
spid1_RI24SNIYLFNNJZIBYZHDWAV4AX,1
spid1_LC4GPJR4LXR5YG5QM6KGMV45SI,1
spid1_UYYFO5ZXHSMCXACMWUWBRBCCJC,1
spid1_DSMV3UFU4L6HFHSPQYHCLN65CU,1
spid1_5JNIKBBMEND3ORO6XQHKFNNXZL,1
spid1_RPEICQY3HVR4LVKJ6JLNHE7PX4,0
spid1_VCK36IWUGCXTUJJ2UNJTKJENTJ,1
spid1_D6LOZ5CCPERHMB6ALQGMB2N2R3,0
spid1_PTXIMSWY75MKMZ7EYXJMRFDXFY,0
spid1_G5CO2PWBHN2EF5V6VX7KNZFQ7H,1
spid1_2C3YESK3CSCR57H6OEGLJ7BCP7,1
spid1_4XBOSLBIZDAMVPEDSJYO7ZOHFL,1
spid1_WGCGR7X76QKXF5UORBNHIGMIJ3,1
spid1_IYKQQZPAMSY7HNLUFNQV22G4CS,1
spid1_XZRTWNQWOYOUK3S6UUIIC3M7VG,1
spid1_EUYHETJDKKQS6XTS2D3WC6UGEZ,1
spid1_H4X4CXL2TBHTP2YF7CW7SLIXBU,0
spid1_23ECMDBLLADBRKI4267DAO7ZMK,1
spid1_MP6KLGY5SUL2PPEG4LRBB36XN6,1
spid1_2ZR2BB22A5RF45C2JJFUVDF3WO,1
spid1_UC27N4WO7FHC7MELIWV33EVXY4,0
spid1_7UYIMLLWK2VOXW4TZRCWG4MNA3,1
spid1_GQPNVTDWKLBHIFQHHWFWCVSE7N,1
spid1_T6VEPFCG7JUMX2NPQTIHLJ7XX3,0
spid1_435NZYJZJQULF5VKWKAWVYLEWB,1
spid1_IKQE56OZW3DJNK2E44Z7N7U2I5,0
spid1_OSQZFPHCZWY27X3GXJ3PHF5KD2,0
spid1_LTPW2JKF2H2OUVZHTM6C7LOGO4,0
spid1_FT57PWWZCTD67BIO45VDXCATWJ,1
spid1_2GXJ25K35G7R4QWN4AWMGQRZP5,0
spid1_3X7GG7TJ37EGPXAYTMHWNPV7HU,1
spid1_SCHE4K23QUWOGKWWHT6FYJNZKW,1
spid1_M4UWOHWPMPS7FS5NFZNF4XD2O5,0
spid1_KN7COZ4ADJIASC3EH5U5OUBJFJ,1
spid1_EDPOOBU2U4SIBYL7L4GOZAH5OQ,1
spid1_VPAC4EXZWGJD4TN7YVO7FZZHCW,1
spid1_H655SHG6RWT3ZITJJRGGYUQVWY,1
spid1_WS5JX4VD6C4GM33NN2BZI33AWW,1
spid1_YNEUMCDICDEJGR2WTCHLKJFBQX,1
spid1_F7BPOQUW3R74JADKCDGAQF5EK7,1
spid1_HSFEUWSZKCQXXGTZYK2KV4GROD,1
spid1_LDBAWJJZA6CTWWTY45K3YX5J2G,1
spid1_OETVPX567UY3BXKVFPKPUEKUQM,1
spid1_MD4SK3EIIDQKMZMKEF4HPS6H4T,0
spid1_TMHGGGUXJYSQCTCK34D74ZVA2Q,1
spid1_SHRBKQMM5WD4AWD3W4LNW6BFXW,1
spid1_33ETYNMVQ2Z2DTVYUV3EPQ5M4W,1
spid1_3E5N5QYZ22OMXZNEDT76GGSY7V,1
spid1_5ELTYILHA5ETSD2V2IN32AGJEL,1
spid1_UTKYGAK6DWF3GFXJBPFOXDRNFA,1
spid1_XHC6FETHNHOHPDXHQHZ4V3XGCU,1
spid1_IFV2D2T42KFGAZQN3X7NSHSDLZ,0
spid1_Z5U3H6YYQDC6N64I2MIUA3PPZM,1
spid1_UOPDSXZTQ6K7HDMUZSU3IH6VTC,1
spid1_WNBSJDNFDCEX7XD6KFSUNYCQM2,1
spid1_65VLUHVQ6AZ4HDMFK5NQKEQL5M,1
spid1_HRC4V7GKXEFTMKSYOS4GYGQQ3K,0
spid1_7LL4V7F6R26622L77JMXJNU57S,1
spid1_GS3XXJSRSMXCSRDDO75VVTYETA,1
spid1_XCR7VNBOKJRQ2M5EFK5XGW2M5I,1
spid1_EMITTMQJXRBUCI3JE5PZFA34MW,0
spid1_B47ZVGLZHPHNJQKLUQTPGYNQRJ,0
spid1_MV2IQYSWMWMTDPREC2YJR63KIR,1
spid1_3KYUZM4VL6UEUSUOLNHLEMQNWG,1
spid1_VPHJ5Q6S4FHZGQSJCQ2UYFHXL5,1
spid1_UQI3YNES32WAYODF5BGDCYZMGG,1
spid1_N2BYVCGFKPTPOPL7W4Q65GSCSU,1
spid1_XNIVJHQQ6YR7BWWSMRMFNM5XM3,1
spid1_LLP66UUR5FBO3LQ3VTE5JDSNXM,1
spid1_L7JUFL2CUTPLWZGAH6HSXIJMWI,1
spid1_BYMNYD2NJ2Q47SHG7OWLALHQJP,1
spid1_JWCBHOOB2FUKBJ6TWSIKZ4Z2NR,0
spid1_3MKOHWII67KUJQ3RZNWM5KV5QA,0
spid1_LSLHRDWQI2ZQV6KB3VQN5GG2ET,0
spid1_CYYGPJRJ2E3M67MIYUMSMFGNFC,1
spid1_IT4ZU3F26ORO2T7LPFDXBO3VL2,1
spid1_RBRGV2APXGRGMBAUMMGIEVOCRP,1
